Order_ID,Order_Date,Product_Name,Category,Region,Quantity,Unit_Price,Revenue
ORD00001,06/06/2024,Product_10,Home,West,7,130.5,913.5
ORD00002,02/01/2024,Product_27,Home,Central,3,277.16,831.48
ORD00003,22/11/2024,Product_6,Clothing,Central,9,113.64,1022.76
ORD00004,17/05/2024,Product_20,Clothing,Central,2,295.88,591.76
ORD00005,11/04/2024,Product_22,Sports,East,6,134.32,805.92
ORD00006,07/03/2024,Product_3,Sports,South,6,473.15,2838.9
ORD00007,16/11/2024,Product_25,Electronics,West,5,66.53,332.65
ORD00008,30/12/2024,Product_24,Sports,Central,8,41.11,328.88
ORD00009,19/06/2024,Product_5,Sports,North,10,288.79,2887.9
ORD00010,17/06/2024,Product_35,Home,South,5,366.43,1832.15
ORD00011,20/08/2024,Product_31,Sports,South,2,20.28,40.56
ORD00012,24/02/2024,Product_34,Sports,East,6,332.71,1996.26
ORD00013,08/04/2024,Product_7,Home,West,6,484.29,2905.74
ORD00014,11/10/2024,Product_36,Sports,North,8,153.13,1225.04
ORD00015,23/09/2024,Product_31,Beauty,Central,4,136.34,545.36
ORD00016,05/11/2024,Product_14,Clothing,North,1,14.91,14.91
ORD00017,05/07/2024,Product_1,Electronics,East,9,346.82,3121.38
ORD00018,26/11/2024,Product_2,Home,West,2,314.16,628.32
ORD00019,25/05/2024,Product_38,Clothing,East,2,414.87,829.74
ORD00020,04/02/2024,Product_35,Electronics,East,1,437.9,437.9
ORD00021,20/09/2024,Product_31,Clothing,North,9,188.6,1697.4
ORD00022,03/06/2024,Product_21,Electronics,East,1,53.55,53.55
ORD00023,10/05/2024,Product_34,Home,West,4,440.89,1763.56
ORD00024,21/04/2024,Product_15,Sports,North,9,457.08,4113.72
ORD00025,19/07/2024,Product_25,Electronics,Central,4,257.1,1028.4
ORD00026,08/09/2024,Product_23,Electronics,North,4,329.29,1317.16
ORD00027,06/12/2024,Product_26,Sports,East,8,170.44,1363.52
ORD00028,28/04/2024,Product_7,Sports,North,5,483.39,2416.95
ORD00029,11/12/2024,Product_38,Sports,South,4,449.92,1799.68
ORD00030,19/01/2024,Product_5,Home,West,4,407.89,1631.56
ORD00031,13/09/2024,Product_5,Home,South,8,499.62,3996.96
ORD00032,03/09/2024,Product_17,Electronics,North,8,396.8,3174.4
ORD00033,12/04/2024,Product_5,Sports,South,8,493.9,3951.2
ORD00034,22/05/2024,Product_26,Home,South,5,297.38,1486.9
ORD00035,30/01/2024,Product_17,Home,South,1,46.26,46.26
ORD00036,24/04/2024,Product_1,Sports,South,10,28.95,289.5
ORD00037,12/03/2024,Product_2,Electronics,South,6,434.01,2604.06
ORD00038,17/06/2024,Product_13,Home,North,7,12.26,85.82
ORD00039,15/05/2024,Product_18,Beauty,East,7,446.82,3127.74
ORD00040,19/05/2024,Product_5,Home,West,9,356.97,3212.73
ORD00041,06/10/2024,Product_34,Electronics,Central,6,177.03,1062.18
ORD00042,09/07/2024,Product_9,Electronics,East,5,375.55,1877.75
ORD00043,25/02/2024,Product_29,Sports,South,3,483.89,1451.67
ORD00044,27/08/2024,Product_37,Beauty,North,7,425.08,2975.56
ORD00045,23/10/2024,Product_28,Electronics,East,6,466.12,2796.72
ORD00046,26/11/2024,Product_40,Beauty,West,8,154.66,1237.28
ORD00047,10/06/2024,Product_28,Beauty,West,4,457,1828
ORD00048,05/01/2024,Product_32,Beauty,West,3,283.21,849.63
ORD00049,26/03/2024,Product_18,Home,South,10,109.5,1095
ORD00050,06/10/2024,Product_2,Sports,South,3,294.33,882.99
ORD00051,13/06/2024,Product_31,Clothing,Central,3,133.74,401.22
ORD00052,23/10/2024,Product_2,Clothing,South,9,319.18,2872.62
ORD00053,14/04/2024,Product_31,Clothing,Central,4,466.82,1867.28
ORD00054,04/01/2024,Product_32,Clothing,North,6,24.35,146.1
ORD00055,08/06/2024,Product_37,Clothing,Central,9,173.2,1558.8
ORD00056,16/09/2024,Product_20,Clothing,East,5,34.55,172.75
ORD00057,12/01/2024,Product_40,Sports,Central,9,346.78,3121.02
ORD00058,03/10/2024,Product_34,Clothing,West,9,131.48,1183.32
ORD00059,12/09/2024,Product_16,Electronics,Central,3,78.73,236.19
ORD00060,23/08/2024,Product_17,Beauty,West,7,409.3,2865.1
ORD00061,16/04/2024,Product_18,Sports,Central,2,83.34,166.68
ORD00062,25/04/2024,Product_10,Beauty,North,7,248.39,1738.73
ORD00063,31/07/2024,Product_40,Sports,West,7,417.3,2921.1
ORD00064,27/08/2024,Product_13,Beauty,North,2,391.86,783.72
ORD00065,20/12/2024,Product_3,Electronics,Central,9,269.19,2422.71
ORD00066,04/02/2024,Product_7,Beauty,North,5,191.23,956.15
ORD00067,02/01/2024,Product_16,Home,Central,7,309.52,2166.64
ORD00068,29/02/2024,Product_36,Electronics,West,5,209.66,1048.3
ORD00069,18/12/2024,Product_40,Beauty,East,7,269.14,1883.98
ORD00070,12/11/2024,Product_1,Sports,North,5,477.18,2385.9
ORD00071,11/04/2024,Product_40,Home,West,8,322.2,2577.6
ORD00072,13/06/2024,Product_24,Home,South,3,425.25,1275.75
ORD00073,31/10/2024,Product_22,Clothing,North,8,210.54,1684.32
ORD00074,08/11/2024,Product_39,Home,West,4,168.42,673.68
ORD00075,03/03/2024,Product_32,Sports,West,3,183.87,551.61
ORD00076,10/10/2024,Product_31,Home,North,4,353.95,1415.8
ORD00077,18/08/2024,Product_16,Clothing,Central,1,75.83,75.83
ORD00078,20/07/2024,Product_16,Sports,North,7,165.14,1155.98
ORD00079,06/06/2024,Product_24,Sports,Central,2,258.17,516.34
ORD00080,19/10/2024,Product_32,Sports,East,6,182.11,1092.66
ORD00081,03/10/2024,Product_4,Home,North,9,317.2,2854.8
ORD00082,29/09/2024,Product_28,Clothing,West,6,416.17,2497.02
ORD00083,17/08/2024,Product_6,Electronics,Central,10,135.64,1356.4
ORD00084,07/07/2024,Product_15,Electronics,South,2,258.04,516.08
ORD00085,20/07/2024,Product_3,Home,North,9,295.57,2660.13
ORD00086,10/01/2024,Product_7,Electronics,North,7,234.94,1644.58
ORD00087,05/02/2024,Product_31,Beauty,West,7,130.77,915.39
ORD00088,18/02/2024,Product_21,Beauty,Central,8,202.04,1616.32
ORD00089,06/04/2024,Product_20,Beauty,East,3,219.72,659.16
ORD00090,01/12/2024,Product_7,Sports,West,7,308.31,2158.17
ORD00091,01/07/2024,Product_30,Home,West,6,146.21,877.26
ORD00092,02/03/2024,Product_29,Beauty,Central,10,80.22,802.2
ORD00093,16/10/2024,Product_24,Home,North,4,299.91,1199.64
ORD00094,23/10/2024,Product_8,Sports,North,8,74.55,596.4
ORD00095,22/12/2024,Product_28,Sports,North,7,43.7,305.9
ORD00096,24/11/2024,Product_33,Sports,Central,6,151.36,908.16
ORD00097,04/02/2024,Product_20,Electronics,North,2,227.6,455.2
ORD00098,16/05/2024,Product_12,Beauty,West,7,69.29,485.03
ORD00099,12/09/2024,Product_21,Electronics,Central,8,258.42,2067.36
ORD00100,15/02/2024,Product_23,Beauty,East,8,238.68,1909.44
ORD00101,13/07/2024,Product_36,Electronics,West,8,200.02,1600.16
ORD00102,17/08/2024,Product_36,Electronics,West,6,360.47,2162.82
ORD00103,14/06/2024,Product_29,Home,Central,5,403.55,2017.75
ORD00104,13/08/2024,Product_34,Clothing,East,3,443.39,1330.17
ORD00105,29/03/2024,Product_31,Electronics,Central,1,220.51,220.51
ORD00106,26/08/2024,Product_18,Home,North,10,63.58,635.8
ORD00107,29/03/2024,Product_18,Beauty,Central,6,382.52,2295.12
ORD00108,26/07/2024,Product_5,Clothing,West,4,185.31,741.24
ORD00109,28/01/2024,Product_5,Electronics,South,5,335.58,1677.9
ORD00110,07/04/2024,Product_27,Clothing,Central,2,190.36,380.72
ORD00111,28/08/2024,Product_5,Beauty,Central,10,352.4,3524
ORD00112,09/12/2024,Product_13,Beauty,South,9,66.88,601.92
ORD00113,14/08/2024,Product_22,Clothing,East,10,495.81,4958.1
ORD00114,03/02/2024,Product_38,Clothing,North,9,376.53,3388.77
ORD00115,22/06/2024,Product_8,Beauty,South,8,194.25,1554
ORD00116,05/01/2024,Product_27,Clothing,West,6,413.67,2482.02
ORD00117,11/01/2024,Product_9,Sports,Central,10,356.76,3567.6
ORD00118,29/12/2024,Product_21,Home,Central,8,123.63,989.04
ORD00119,28/03/2024,Product_39,Sports,East,5,135.99,679.95
ORD00120,16/01/2024,Product_6,Sports,Central,8,81.21,649.68
ORD00121,07/06/2024,Product_19,Electronics,East,8,202.52,1620.16
ORD00122,28/10/2024,Product_8,Sports,West,1,490.58,490.58
ORD00123,25/11/2024,Product_20,Electronics,South,7,338.01,2366.07
ORD00124,18/05/2024,Product_22,Sports,South,8,62.4,499.2
ORD00125,30/12/2024,Product_31,Beauty,North,3,465.84,1397.52
ORD00126,24/07/2024,Product_19,Home,Central,7,11.4,79.8
ORD00127,15/06/2024,Product_8,Clothing,South,8,356.65,2853.2
ORD00128,13/07/2024,Product_28,Beauty,North,3,494.46,1483.38
ORD00129,08/07/2024,Product_1,Clothing,North,8,305.33,2442.64
ORD00130,21/04/2024,Product_14,Clothing,South,6,20.87,125.22
ORD00131,04/04/2024,Product_1,Sports,West,6,204.22,1225.32
ORD00132,15/04/2024,Product_9,Clothing,Central,2,373.64,747.28
ORD00133,28/04/2024,Product_6,Sports,North,9,122.49,1102.41
ORD00134,10/10/2024,Product_24,Clothing,East,5,360.06,1800.3
ORD00135,05/12/2024,Product_28,Home,Central,10,202.3,2023
ORD00136,15/11/2024,Product_13,Home,South,3,286.45,859.35
ORD00137,03/10/2024,Product_38,Electronics,Central,8,232.06,1856.48
ORD00138,24/05/2024,Product_13,Clothing,North,10,168.09,1680.9
ORD00139,07/06/2024,Product_39,Sports,South,3,332.92,998.76
ORD00140,07/04/2024,Product_31,Beauty,West,10,181.73,1817.3
ORD00141,22/05/2024,Product_25,Clothing,Central,7,437.18,3060.26
ORD00142,26/06/2024,Product_28,Electronics,West,2,133.17,266.34
ORD00143,30/06/2024,Product_8,Electronics,East,1,463.97,463.97
ORD00144,23/03/2024,Product_29,Sports,Central,7,322.49,2257.43
ORD00145,27/01/2024,Product_1,Beauty,Central,9,110.46,994.14
ORD00146,30/08/2024,Product_39,Clothing,North,8,463.29,3706.32
ORD00147,01/11/2024,Product_13,Sports,South,9,427.17,3844.53
ORD00148,08/12/2024,Product_18,Home,South,5,194.5,972.5
ORD00149,17/10/2024,Product_32,Home,South,6,413.29,2479.74
ORD00150,02/09/2024,Product_3,Clothing,East,2,13.71,27.42
ORD00151,20/08/2024,Product_37,Sports,South,10,172.6,1726
ORD00152,14/05/2024,Product_10,Beauty,East,6,298.58,1791.48
ORD00153,24/05/2024,Product_37,Electronics,North,3,399.77,1199.31
ORD00154,10/01/2024,Product_19,Clothing,North,5,193.25,966.25
ORD00155,21/06/2024,Product_8,Clothing,West,3,109.27,327.81
ORD00156,25/08/2024,Product_16,Electronics,East,9,105.73,951.57
ORD00157,15/10/2024,Product_4,Sports,South,10,330.95,3309.5
ORD00158,18/06/2024,Product_35,Beauty,Central,7,189.6,1327.2
ORD00159,27/06/2024,Product_38,Home,West,9,499.88,4498.92
ORD00160,08/02/2024,Product_35,Beauty,East,3,444.18,1332.54
ORD00161,08/03/2024,Product_10,Clothing,West,1,135.69,135.69
ORD00162,27/11/2024,Product_20,Home,North,10,94.07,940.7
ORD00163,15/08/2024,Product_29,Clothing,West,3,76.89,230.67
ORD00164,16/07/2024,Product_38,Sports,North,1,439.91,439.91
ORD00165,24/08/2024,Product_29,Electronics,East,5,43.58,217.9
ORD00166,22/11/2024,Product_20,Sports,East,3,182.58,547.74
ORD00167,02/11/2024,Product_28,Home,South,6,398.18,2389.08
ORD00168,22/01/2024,Product_6,Sports,North,6,261.72,1570.32
ORD00169,14/01/2024,Product_24,Home,West,3,363.02,1089.06
ORD00170,13/09/2024,Product_2,Sports,North,9,137.6,1238.4
ORD00171,20/06/2024,Product_21,Beauty,North,7,367.84,2574.88
ORD00172,03/01/2024,Product_15,Electronics,Central,8,340.69,2725.52
ORD00173,21/06/2024,Product_34,Clothing,West,5,490.62,2453.1
ORD00174,24/11/2024,Product_23,Electronics,North,7,354.82,2483.74
ORD00175,11/01/2024,Product_29,Sports,Central,7,33.73,236.11
ORD00176,27/08/2024,Product_2,Beauty,Central,3,302.33,906.99
ORD00177,27/03/2024,Product_15,Clothing,North,9,186.33,1676.97
ORD00178,24/10/2024,Product_40,Home,West,3,313.59,940.77
ORD00179,29/10/2024,Product_28,Sports,East,10,60.18,601.8
ORD00180,20/11/2024,Product_35,Home,Central,8,211.83,1694.64
ORD00181,31/12/2024,Product_35,Sports,West,9,91.97,827.73
ORD00182,17/08/2024,Product_5,Clothing,East,2,195.02,390.04
ORD00183,22/08/2024,Product_1,Beauty,North,8,136.01,1088.08
ORD00184,13/11/2024,Product_6,Electronics,East,3,251.87,755.61
ORD00185,04/10/2024,Product_4,Electronics,East,3,410.7,1232.1
ORD00186,21/10/2024,Product_30,Clothing,North,10,261.85,2618.5
ORD00187,05/10/2024,Product_22,Clothing,South,3,477.35,1432.05
ORD00188,25/06/2024,Product_6,Clothing,North,2,485.13,970.26
ORD00189,15/10/2024,Product_13,Home,West,2,382.49,764.98
ORD00190,06/04/2024,Product_24,Clothing,West,10,178.64,1786.4
ORD00191,17/04/2024,Product_30,Electronics,South,10,56.6,566
ORD00192,14/10/2024,Product_5,Sports,West,5,132.05,660.25
ORD00193,24/11/2024,Product_7,Sports,East,3,160.49,481.47
ORD00194,22/12/2024,Product_38,Beauty,South,1,297.58,297.58
ORD00195,28/09/2024,Product_31,Electronics,North,10,312.57,3125.7
ORD00196,16/10/2024,Product_22,Sports,North,5,341.53,1707.65
ORD00197,07/02/2024,Product_15,Electronics,South,9,207.84,1870.56
ORD00198,25/08/2024,Product_16,Beauty,South,7,194.07,1358.49
ORD00199,08/05/2024,Product_17,Home,West,4,105.1,420.4
ORD00200,24/04/2024,Product_11,Electronics,South,3,56.87,170.61
ORD00201,13/08/2024,Product_38,Home,Central,1,192.56,192.56
ORD00202,09/08/2024,Product_1,Electronics,Central,2,296.56,593.12
ORD00203,08/02/2024,Product_7,Home,North,4,124.14,496.56
ORD00204,15/01/2024,Product_31,Home,Central,10,232.36,2323.6
ORD00205,28/07/2024,Product_27,Home,Central,3,114.31,342.93
ORD00206,20/04/2024,Product_26,Electronics,East,3,453.2,1359.6
ORD00207,31/07/2024,Product_14,Sports,South,2,107.56,215.12
ORD00208,05/11/2024,Product_31,Electronics,West,7,38.1,266.7
ORD00209,27/11/2024,Product_36,Clothing,North,8,89.84,718.72
ORD00210,14/01/2024,Product_13,Sports,South,3,112.11,336.33
ORD00211,19/09/2024,Product_16,Electronics,East,9,41.38,372.42
ORD00212,06/12/2024,Product_40,Home,North,5,297.36,1486.8
ORD00213,08/03/2024,Product_24,Beauty,East,2,12.05,24.1
ORD00214,01/11/2024,Product_20,Electronics,West,3,441.51,1324.53
ORD00215,20/02/2024,Product_18,Sports,West,10,75.67,756.7
ORD00216,21/10/2024,Product_10,Home,South,6,167.34,1004.04
ORD00217,03/02/2024,Product_26,Sports,West,10,288.76,2887.6
ORD00218,18/06/2024,Product_25,Beauty,North,5,255.71,1278.55
ORD00219,26/06/2024,Product_21,Clothing,North,1,393.61,393.61
ORD00220,10/06/2024,Product_16,Clothing,Central,9,133.25,1199.25
ORD00221,12/11/2024,Product_39,Sports,South,6,128.17,769.02
ORD00222,06/04/2024,Product_29,Clothing,East,9,129.19,1162.71
ORD00223,14/09/2024,Product_36,Sports,East,6,37.1,222.6
ORD00224,27/02/2024,Product_27,Home,North,3,92.05,276.15
ORD00225,14/03/2024,Product_29,Sports,East,2,421.84,843.68
ORD00226,29/04/2024,Product_33,Beauty,South,8,300.15,2401.2
ORD00227,13/10/2024,Product_8,Home,South,3,443.55,1330.65
ORD00228,29/12/2024,Product_20,Sports,West,6,189.89,1139.34
ORD00229,22/01/2024,Product_14,Sports,Central,8,454.42,3635.36
ORD00230,18/03/2024,Product_18,Beauty,West,7,222.63,1558.41
ORD00231,23/03/2024,Product_19,Sports,Central,7,477.05,3339.35
ORD00232,16/05/2024,Product_33,Clothing,West,9,154.4,1389.6
ORD00233,31/01/2024,Product_28,Clothing,Central,10,492.68,4926.8
ORD00234,19/02/2024,Product_32,Beauty,North,4,244.69,978.76
ORD00235,13/11/2024,Product_8,Sports,West,1,472.12,472.12
ORD00236,12/05/2024,Product_38,Clothing,Central,1,130.64,130.64
ORD00237,11/02/2024,Product_17,Home,North,6,350.24,2101.44
ORD00238,13/03/2024,Product_36,Electronics,South,9,399.02,3591.18
ORD00239,17/02/2024,Product_40,Sports,Central,2,366.81,733.62
ORD00240,31/08/2024,Product_4,Beauty,East,3,24.17,72.51
ORD00241,15/08/2024,Product_20,Beauty,South,1,38.57,38.57
ORD00242,28/02/2024,Product_38,Clothing,North,5,288.86,1444.3
ORD00243,24/08/2024,Product_15,Sports,Central,6,456,2736
ORD00244,09/08/2024,Product_25,Clothing,Central,1,204.77,204.77
ORD00245,04/06/2024,Product_25,Sports,East,5,174.62,873.1
ORD00246,15/08/2024,Product_27,Home,South,10,185.57,1855.7
ORD00247,11/05/2024,Product_37,Sports,West,9,187.11,1683.99
ORD00248,17/09/2024,Product_16,Electronics,East,6,36.11,216.66
ORD00249,05/05/2024,Product_9,Clothing,West,4,118.74,474.96
ORD00250,18/04/2024,Product_5,Beauty,South,8,463.75,3710
ORD00251,08/11/2024,Product_30,Electronics,West,5,115.71,578.55
ORD00252,09/02/2024,Product_1,Sports,Central,2,175.13,350.26
ORD00253,19/11/2024,Product_18,Sports,East,9,144.6,1301.4
ORD00254,06/01/2024,Product_21,Clothing,South,6,277.79,1666.74
ORD00255,10/03/2024,Product_36,Beauty,East,7,178.17,1247.19
ORD00256,02/06/2024,Product_1,Clothing,West,10,104.73,1047.3
ORD00257,18/03/2024,Product_10,Clothing,South,6,27.79,166.74
ORD00258,28/01/2024,Product_40,Home,East,1,240.43,240.43
ORD00259,26/08/2024,Product_12,Beauty,Central,1,198.98,198.98
ORD00260,19/10/2024,Product_39,Sports,West,1,407.17,407.17
ORD00261,22/06/2024,Product_7,Sports,North,6,49.74,298.44
ORD00262,23/09/2024,Product_21,Clothing,North,8,493.53,3948.24
ORD00263,30/08/2024,Product_4,Clothing,South,10,288.23,2882.3
ORD00264,26/08/2024,Product_36,Clothing,South,3,121.12,363.36
ORD00265,10/08/2024,Product_11,Beauty,Central,9,242.78,2185.02
ORD00266,23/07/2024,Product_39,Clothing,Central,1,420.23,420.23
ORD00267,19/02/2024,Product_38,Beauty,North,3,421.81,1265.43
ORD00268,09/07/2024,Product_6,Home,South,1,239.16,239.16
ORD00269,14/01/2024,Product_35,Home,East,10,422.14,4221.4
ORD00270,25/02/2024,Product_3,Sports,East,2,325.56,651.12
ORD00271,21/10/2024,Product_27,Beauty,Central,3,292.84,878.52
ORD00272,26/03/2024,Product_18,Electronics,East,10,169.38,1693.8
ORD00273,20/03/2024,Product_16,Home,South,9,436.12,3925.08
ORD00274,08/04/2024,Product_9,Sports,East,10,314.64,3146.4
ORD00275,08/08/2024,Product_17,Beauty,West,6,21.51,129.06
ORD00276,22/06/2024,Product_14,Electronics,Central,2,469.12,938.24
ORD00277,07/02/2024,Product_7,Clothing,Central,6,474.02,2844.12
ORD00278,29/07/2024,Product_3,Clothing,North,4,241.21,964.84
ORD00279,24/02/2024,Product_32,Electronics,North,3,387.36,1162.08
ORD00280,02/12/2024,Product_1,Electronics,East,8,415.13,3321.04
ORD00281,04/04/2024,Product_26,Clothing,West,3,62.37,187.11
ORD00282,22/02/2024,Product_33,Beauty,East,7,269.43,1886.01
ORD00283,17/12/2024,Product_15,Electronics,North,7,32.3,226.1
ORD00284,30/05/2024,Product_17,Sports,West,2,476.53,953.06
ORD00285,21/04/2024,Product_13,Clothing,West,2,398.8,797.6
ORD00286,19/08/2024,Product_22,Sports,West,6,176.86,1061.16
ORD00287,27/11/2024,Product_28,Home,South,5,74.63,373.15
ORD00288,13/06/2024,Product_38,Home,North,3,36.29,108.87
ORD00289,12/11/2024,Product_24,Electronics,Central,4,64.63,258.52
ORD00290,23/02/2024,Product_22,Beauty,South,1,201,201
ORD00291,09/05/2024,Product_20,Sports,Central,3,222.73,668.19
ORD00292,12/05/2024,Product_8,Sports,Central,5,99.24,496.2
ORD00293,05/05/2024,Product_20,Electronics,East,8,248.82,1990.56
ORD00294,11/04/2024,Product_2,Home,East,1,158.75,158.75
ORD00295,29/07/2024,Product_6,Sports,East,1,261.16,261.16
ORD00296,14/10/2024,Product_15,Beauty,North,8,35.55,284.4
ORD00297,30/07/2024,Product_11,Sports,West,8,334.62,2676.96
ORD00298,10/07/2024,Product_24,Electronics,South,7,296.46,2075.22
ORD00299,18/08/2024,Product_14,Clothing,North,5,13.89,69.45
ORD00300,18/10/2024,Product_28,Clothing,West,7,287.29,2011.03
ORD00301,27/09/2024,Product_3,Electronics,North,4,38.55,154.2
ORD00302,14/11/2024,Product_15,Electronics,West,10,222.61,2226.1
ORD00303,17/03/2024,Product_28,Clothing,South,7,499.53,3496.71
ORD00304,27/10/2024,Product_35,Home,Central,9,446.09,4014.81
ORD00305,07/08/2024,Product_4,Clothing,East,8,103.88,831.04
ORD00306,07/07/2024,Product_19,Beauty,North,4,35.28,141.12
ORD00307,12/11/2024,Product_19,Clothing,West,4,368.4,1473.6
ORD00308,03/10/2024,Product_12,Electronics,West,9,80.32,722.88
ORD00309,18/03/2024,Product_29,Clothing,Central,1,138.29,138.29
ORD00310,09/07/2024,Product_1,Home,North,3,364.48,1093.44
ORD00311,22/05/2024,Product_14,Clothing,West,5,74.55,372.75
ORD00312,16/12/2024,Product_23,Home,East,9,180.89,1628.01
ORD00313,18/06/2024,Product_37,Home,Central,10,235.23,2352.3
ORD00314,16/10/2024,Product_6,Home,North,7,224.63,1572.41
ORD00315,26/07/2024,Product_9,Beauty,North,2,294.14,588.28
ORD00316,13/10/2024,Product_6,Beauty,West,5,475.08,2375.4
ORD00317,11/03/2024,Product_11,Beauty,East,2,94.18,188.36
ORD00318,03/12/2024,Product_12,Home,South,6,342.18,2053.08
ORD00319,15/10/2024,Product_23,Sports,North,5,301.35,1506.75
ORD00320,15/03/2024,Product_2,Home,Central,10,286.56,2865.6
ORD00321,23/04/2024,Product_18,Sports,East,9,311.76,2805.84
ORD00322,23/11/2024,Product_18,Electronics,North,5,431.57,2157.85
ORD00323,05/08/2024,Product_16,Clothing,Central,6,80.61,483.66
ORD00324,16/06/2024,Product_4,Beauty,South,2,371.03,742.06
ORD00325,10/04/2024,Product_5,Clothing,Central,4,164.55,658.2
ORD00326,28/11/2024,Product_32,Clothing,North,4,145.06,580.24
ORD00327,04/03/2024,Product_18,Sports,East,4,173.85,695.4
ORD00328,04/04/2024,Product_6,Clothing,North,10,145.07,1450.7
ORD00329,19/01/2024,Product_4,Beauty,South,1,20.39,20.39
ORD00330,29/09/2024,Product_15,Electronics,South,2,167.5,335
ORD00331,30/11/2024,Product_31,Clothing,South,3,357.88,1073.64
ORD00332,23/02/2024,Product_8,Home,Central,4,436.03,1744.12
ORD00333,04/11/2024,Product_37,Clothing,Central,1,252.7,252.7
ORD00334,30/04/2024,Product_40,Home,South,8,64.21,513.68
ORD00335,31/05/2024,Product_6,Home,South,7,189.69,1327.83
ORD00336,28/12/2024,Product_20,Sports,West,5,167.66,838.3
ORD00337,04/08/2024,Product_30,Beauty,East,1,163.35,163.35
ORD00338,02/08/2024,Product_32,Sports,South,9,455.12,4096.08
ORD00339,03/04/2024,Product_34,Home,North,10,65.33,653.3
ORD00340,10/11/2024,Product_8,Sports,North,2,381.7,763.4
ORD00341,16/02/2024,Product_5,Clothing,East,8,61.05,488.4
ORD00342,23/02/2024,Product_16,Home,South,2,407.7,815.4
ORD00343,15/01/2024,Product_12,Clothing,West,5,83.55,417.75
ORD00344,21/06/2024,Product_40,Sports,South,10,79,790
ORD00345,27/08/2024,Product_10,Sports,West,10,311.81,3118.1
ORD00346,21/10/2024,Product_10,Sports,East,5,69.14,345.7
ORD00347,06/05/2024,Product_25,Electronics,East,1,46.01,46.01
ORD00348,05/02/2024,Product_36,Electronics,West,2,345.31,690.62
ORD00349,15/02/2024,Product_17,Sports,North,5,164.73,823.65
ORD00350,20/01/2024,Product_32,Electronics,East,8,177.98,1423.84
ORD00351,09/04/2024,Product_17,Home,Central,7,190.65,1334.55
ORD00352,15/06/2024,Product_32,Home,South,5,88.96,444.8
ORD00353,10/12/2024,Product_38,Beauty,North,2,371.23,742.46
ORD00354,15/03/2024,Product_24,Beauty,North,6,25.08,150.48
ORD00355,08/12/2024,Product_8,Sports,South,8,461.62,3692.96
ORD00356,03/08/2024,Product_22,Home,West,7,458.86,3212.02
ORD00357,21/12/2024,Product_7,Electronics,West,10,378.94,3789.4
ORD00358,28/04/2024,Product_24,Home,Central,1,404.14,404.14
ORD00359,01/09/2024,Product_12,Sports,Central,10,402.29,4022.9
ORD00360,14/04/2024,Product_17,Clothing,West,1,414.14,414.14
ORD00361,06/04/2024,Product_18,Sports,North,9,213.53,1921.77
ORD00362,02/04/2024,Product_16,Sports,South,6,264.02,1584.12
ORD00363,18/03/2024,Product_8,Electronics,East,5,89.44,447.2
ORD00364,21/11/2024,Product_21,Home,Central,3,45.23,135.69
ORD00365,06/01/2024,Product_19,Beauty,Central,8,445.43,3563.44
ORD00366,07/03/2024,Product_10,Beauty,South,1,432.71,432.71
ORD00367,30/09/2024,Product_31,Home,South,2,24.03,48.06
ORD00368,20/01/2024,Product_8,Electronics,East,4,187.94,751.76
ORD00369,12/09/2024,Product_36,Clothing,West,10,474.57,4745.7
ORD00370,09/11/2024,Product_39,Clothing,South,8,64.43,515.44
ORD00371,25/06/2024,Product_33,Electronics,Central,8,385.26,3082.08
ORD00372,10/12/2024,Product_38,Clothing,North,8,63.98,511.84
ORD00373,03/03/2024,Product_19,Home,North,10,256.62,2566.2
ORD00374,24/02/2024,Product_23,Beauty,West,1,470.28,470.28
ORD00375,21/09/2024,Product_30,Beauty,East,4,376.15,1504.6
ORD00376,22/08/2024,Product_34,Beauty,West,6,410.23,2461.38
ORD00377,07/08/2024,Product_30,Electronics,Central,9,464.39,4179.51
ORD00378,01/11/2024,Product_9,Electronics,North,10,470.86,4708.6
ORD00379,06/11/2024,Product_33,Sports,North,5,108.44,542.2
ORD00380,26/04/2024,Product_33,Beauty,South,10,349.5,3495
ORD00381,28/08/2024,Product_21,Sports,North,7,367.48,2572.36
ORD00382,23/09/2024,Product_36,Beauty,West,6,224.16,1344.96
ORD00383,09/12/2024,Product_29,Home,West,1,177.56,177.56
ORD00384,28/08/2024,Product_34,Electronics,North,2,223.53,447.06
ORD00385,13/10/2024,Product_5,Clothing,North,3,443.15,1329.45
ORD00386,28/02/2024,Product_24,Home,East,9,110.76,996.84
ORD00387,16/10/2024,Product_3,Electronics,West,5,83.96,419.8
ORD00388,27/01/2024,Product_5,Home,East,5,179.89,899.45
ORD00389,27/10/2024,Product_32,Clothing,West,6,339.6,2037.6
ORD00390,29/05/2024,Product_19,Sports,West,1,325.67,325.67
ORD00391,18/03/2024,Product_12,Sports,East,4,133.33,533.32
ORD00392,16/03/2024,Product_32,Beauty,East,7,208.94,1462.58
ORD00393,26/12/2024,Product_16,Beauty,South,4,207.76,831.04
ORD00394,17/05/2024,Product_30,Electronics,West,4,138.78,555.12
ORD00395,26/10/2024,Product_30,Beauty,West,8,165.42,1323.36
ORD00396,05/10/2024,Product_11,Home,Central,4,87.8,351.2
ORD00397,22/08/2024,Product_24,Clothing,East,6,361.17,2167.02
ORD00398,13/09/2024,Product_23,Sports,West,4,294.35,1177.4
ORD00399,05/11/2024,Product_9,Home,East,2,40.76,81.52
ORD00400,26/10/2024,Product_24,Sports,North,2,81.11,162.22
ORD00401,23/01/2024,Product_7,Sports,South,9,36.05,324.45
ORD00402,03/12/2024,Product_25,Clothing,West,1,324.22,324.22
ORD00403,15/02/2024,Product_14,Beauty,East,5,369.34,1846.7
ORD00404,24/03/2024,Product_39,Sports,West,3,195.84,587.52
ORD00405,09/08/2024,Product_21,Electronics,East,4,480.32,1921.28
ORD00406,30/06/2024,Product_36,Clothing,North,7,427.12,2989.84
ORD00407,11/10/2024,Product_11,Home,Central,1,317.06,317.06
ORD00408,04/06/2024,Product_23,Sports,East,4,260.17,1040.68
ORD00409,02/02/2024,Product_36,Electronics,Central,6,342.71,2056.26
ORD00410,20/07/2024,Product_28,Sports,West,8,179.38,1435.04
ORD00411,27/09/2024,Product_32,Clothing,East,4,135.34,541.36
ORD00412,20/02/2024,Product_40,Electronics,West,1,301,301
ORD00413,11/06/2024,Product_23,Electronics,North,7,71.81,502.67
ORD00414,11/06/2024,Product_23,Beauty,North,9,295.07,2655.63
ORD00415,17/01/2024,Product_28,Electronics,North,6,278.4,1670.4
ORD00416,15/05/2024,Product_16,Clothing,West,2,128.93,257.86
ORD00417,08/08/2024,Product_40,Sports,South,2,32.35,64.7
ORD00418,05/02/2024,Product_26,Clothing,East,1,276.53,276.53
ORD00419,30/10/2024,Product_35,Sports,South,4,156.76,627.04
ORD00420,25/08/2024,Product_5,Electronics,West,2,315.5,631
ORD00421,11/03/2024,Product_1,Electronics,South,4,217.15,868.6
ORD00422,11/03/2024,Product_25,Beauty,South,1,205.37,205.37
ORD00423,25/11/2024,Product_28,Beauty,West,5,354.79,1773.95
ORD00424,25/12/2024,Product_35,Clothing,East,2,27.99,55.98
ORD00425,30/05/2024,Product_34,Electronics,East,7,11.4,79.8
ORD00426,25/04/2024,Product_23,Beauty,East,8,439.63,3517.04
ORD00427,29/09/2024,Product_7,Electronics,North,7,240.5,1683.5
ORD00428,16/09/2024,Product_39,Clothing,East,7,189.28,1324.96
ORD00429,26/01/2024,Product_4,Electronics,North,6,408.79,2452.74
ORD00430,04/10/2024,Product_23,Electronics,Central,7,336.92,2358.44
ORD00431,26/02/2024,Product_8,Sports,West,5,339.21,1696.05
ORD00432,06/12/2024,Product_16,Electronics,West,10,225.18,2251.8
ORD00433,10/12/2024,Product_2,Beauty,East,3,424.83,1274.49
ORD00434,08/08/2024,Product_33,Clothing,East,7,195.45,1368.15
ORD00435,21/06/2024,Product_39,Home,Central,10,493.04,4930.4
ORD00436,26/05/2024,Product_5,Beauty,South,4,183.23,732.92
ORD00437,17/02/2024,Product_29,Clothing,Central,3,405.85,1217.55
ORD00438,17/11/2024,Product_19,Electronics,North,7,22.2,155.4
ORD00439,21/07/2024,Product_31,Clothing,North,10,270.09,2700.9
ORD00440,02/03/2024,Product_8,Clothing,South,6,486.83,2920.98
ORD00441,02/10/2024,Product_5,Sports,Central,6,482.04,2892.24
ORD00442,19/10/2024,Product_19,Home,East,8,44.79,358.32
ORD00443,03/11/2024,Product_8,Home,South,1,247.39,247.39
ORD00444,07/02/2024,Product_6,Home,Central,3,201.53,604.59
ORD00445,07/01/2024,Product_28,Electronics,North,7,142.63,998.41
ORD00446,26/03/2024,Product_26,Beauty,West,2,390.51,781.02
ORD00447,27/02/2024,Product_2,Beauty,Central,10,121.19,1211.9
ORD00448,05/11/2024,Product_20,Electronics,West,3,429.34,1288.02
ORD00449,19/03/2024,Product_20,Clothing,West,9,461.32,4151.88
ORD00450,11/08/2024,Product_12,Home,Central,9,46.08,414.72
ORD00451,28/02/2024,Product_39,Beauty,North,8,341.72,2733.76
ORD00452,27/10/2024,Product_39,Clothing,South,8,201.4,1611.2
ORD00453,28/12/2024,Product_13,Clothing,Central,7,235.78,1650.46
ORD00454,10/12/2024,Product_25,Beauty,East,6,123.43,740.58
ORD00455,17/07/2024,Product_4,Beauty,Central,2,219.38,438.76
ORD00456,03/05/2024,Product_10,Beauty,South,1,253.47,253.47
ORD00457,22/12/2024,Product_23,Clothing,East,2,364.3,728.6
ORD00458,03/06/2024,Product_20,Clothing,West,6,411.15,2466.9
ORD00459,06/01/2024,Product_40,Home,Central,3,97.99,293.97
ORD00460,20/02/2024,Product_2,Home,South,1,333.21,333.21
ORD00461,28/04/2024,Product_33,Electronics,East,10,443.76,4437.6
ORD00462,20/02/2024,Product_4,Beauty,East,5,276.53,1382.65
ORD00463,26/09/2024,Product_40,Clothing,East,6,437.94,2627.64
ORD00464,13/05/2024,Product_15,Clothing,North,1,397.39,397.39
ORD00465,11/01/2024,Product_37,Electronics,Central,1,306.6,306.6
ORD00466,20/02/2024,Product_3,Electronics,West,2,386.31,772.62
ORD00467,19/12/2024,Product_25,Home,East,1,34.56,34.56
ORD00468,07/05/2024,Product_35,Home,North,1,79.89,79.89
ORD00469,02/02/2024,Product_9,Sports,South,10,354.75,3547.5
ORD00470,30/12/2024,Product_37,Electronics,North,5,59.14,295.7
ORD00471,17/11/2024,Product_7,Electronics,East,7,447.07,3129.49
ORD00472,26/04/2024,Product_17,Clothing,West,9,374.97,3374.73
ORD00473,31/12/2024,Product_22,Beauty,North,10,314.39,3143.9
ORD00474,26/05/2024,Product_11,Clothing,East,7,123.45,864.15
ORD00475,18/07/2024,Product_16,Home,West,8,94.24,753.92
ORD00476,09/12/2024,Product_9,Electronics,Central,8,448.73,3589.84
ORD00477,05/03/2024,Product_9,Beauty,South,7,61.54,430.78
ORD00478,21/07/2024,Product_22,Electronics,West,10,19.81,198.1
ORD00479,01/06/2024,Product_29,Home,West,9,185.17,1666.53
ORD00480,23/09/2024,Product_23,Clothing,East,1,270.1,270.1
ORD00481,18/03/2024,Product_19,Sports,Central,1,335.29,335.29
ORD00482,03/07/2024,Product_14,Sports,South,9,386.71,3480.39
ORD00483,05/04/2024,Product_11,Sports,East,3,70.07,210.21
ORD00484,05/08/2024,Product_9,Electronics,North,2,347.07,694.14
ORD00485,25/07/2024,Product_26,Electronics,South,7,462.72,3239.04
ORD00486,18/03/2024,Product_22,Sports,North,4,286.62,1146.48
ORD00487,24/05/2024,Product_17,Clothing,West,7,420.91,2946.37
ORD00488,11/09/2024,Product_11,Home,East,9,454.37,4089.33
ORD00489,10/01/2024,Product_23,Sports,South,8,315.08,2520.64
ORD00490,07/07/2024,Product_20,Electronics,South,10,291.7,2917
ORD00491,15/06/2024,Product_6,Clothing,Central,4,56.84,227.36
ORD00492,09/09/2024,Product_10,Clothing,South,2,233.12,466.24
ORD00493,03/07/2024,Product_12,Electronics,East,4,61.15,244.6
ORD00494,22/10/2024,Product_22,Beauty,South,8,394.81,3158.48
ORD00495,25/06/2024,Product_40,Clothing,North,3,417.64,1252.92
ORD00496,10/04/2024,Product_23,Home,East,9,22.68,204.12
ORD00497,14/12/2024,Product_16,Electronics,East,9,18.37,165.33
ORD00498,31/05/2024,Product_33,Sports,Central,10,363.87,3638.7
ORD00499,30/10/2024,Product_35,Electronics,Central,3,129.7,389.1
ORD00500,18/08/2024,Product_14,Electronics,South,5,496.76,2483.8
ORD00501,24/11/2024,Product_8,Sports,Central,5,100.56,502.8
ORD00502,26/10/2024,Product_20,Sports,North,2,42.07,84.14
ORD00503,30/12/2024,Product_38,Electronics,East,4,339.47,1357.88
ORD00504,02/05/2024,Product_14,Home,East,8,293.8,2350.4
ORD00505,05/05/2024,Product_27,Sports,South,7,102.49,717.43
ORD00506,25/06/2024,Product_27,Clothing,East,7,175.08,1225.56
ORD00507,27/06/2024,Product_11,Beauty,West,5,58.89,294.45
ORD00508,03/01/2024,Product_25,Home,West,3,341.77,1025.31
ORD00509,21/07/2024,Product_39,Home,Central,10,119.42,1194.2
ORD00510,04/04/2024,Product_14,Electronics,West,8,407.14,3257.12
ORD00511,19/06/2024,Product_11,Beauty,South,7,436.2,3053.4
ORD00512,22/06/2024,Product_9,Electronics,South,9,133.52,1201.68
ORD00513,24/12/2024,Product_27,Home,North,9,211.88,1906.92
ORD00514,13/04/2024,Product_30,Sports,West,10,428.94,4289.4
ORD00515,08/11/2024,Product_19,Electronics,West,4,165.84,663.36
ORD00516,11/10/2024,Product_6,Sports,East,3,482.12,1446.36
ORD00517,19/10/2024,Product_24,Home,West,10,424.52,4245.2
ORD00518,05/07/2024,Product_9,Clothing,Central,4,29.72,118.88
ORD00519,10/03/2024,Product_18,Sports,West,7,457.95,3205.65
ORD00520,23/01/2024,Product_20,Home,Central,2,77.02,154.04
ORD00521,27/12/2024,Product_2,Home,Central,7,351.38,2459.66
ORD00522,08/04/2024,Product_31,Beauty,South,2,285.34,570.68
ORD00523,08/02/2024,Product_36,Beauty,East,1,125.91,125.91
ORD00524,27/04/2024,Product_3,Sports,North,4,441.43,1765.72
ORD00525,29/10/2024,Product_29,Beauty,West,10,195.67,1956.7
ORD00526,16/08/2024,Product_37,Sports,East,7,261.85,1832.95
ORD00527,23/09/2024,Product_13,Sports,West,7,155.05,1085.35
ORD00528,20/10/2024,Product_18,Beauty,West,6,164.14,984.84
ORD00529,05/11/2024,Product_32,Beauty,East,4,386.58,1546.32
ORD00530,28/06/2024,Product_30,Home,North,5,226.8,1134
ORD00531,21/04/2024,Product_32,Sports,North,8,295.42,2363.36
ORD00532,29/11/2024,Product_5,Beauty,East,2,46.35,92.7
ORD00533,31/10/2024,Product_27,Sports,South,4,363.53,1454.12
ORD00534,16/10/2024,Product_11,Clothing,North,5,466.38,2331.9
ORD00535,08/10/2024,Product_34,Home,South,7,411.55,2880.85
ORD00536,13/06/2024,Product_6,Sports,North,5,265.28,1326.4
ORD00537,05/05/2024,Product_27,Beauty,East,8,491.34,3930.72
ORD00538,02/02/2024,Product_12,Beauty,Central,6,448.15,2688.9
ORD00539,24/09/2024,Product_8,Electronics,West,3,244.08,732.24
ORD00540,13/09/2024,Product_32,Beauty,East,1,301.88,301.88
ORD00541,02/10/2024,Product_15,Sports,South,9,60.94,548.46
ORD00542,12/02/2024,Product_28,Beauty,South,4,197.92,791.68
ORD00543,03/04/2024,Product_37,Clothing,North,6,215.6,1293.6
ORD00544,25/07/2024,Product_35,Home,South,2,299.76,599.52
ORD00545,06/09/2024,Product_16,Sports,East,1,374.69,374.69
ORD00546,24/09/2024,Product_9,Beauty,West,8,20.83,166.64
ORD00547,03/11/2024,Product_17,Electronics,North,7,156.76,1097.32
ORD00548,01/10/2024,Product_26,Beauty,East,8,214.02,1712.16
ORD00549,15/12/2024,Product_11,Beauty,West,4,82.83,331.32
ORD00550,18/01/2024,Product_31,Sports,West,8,158.46,1267.68
ORD00551,04/05/2024,Product_20,Beauty,East,5,353.99,1769.95
ORD00552,08/10/2024,Product_34,Beauty,East,5,74.64,373.2
ORD00553,15/06/2024,Product_14,Home,East,10,274.42,2744.2
ORD00554,27/06/2024,Product_6,Home,East,4,101.47,405.88
ORD00555,28/08/2024,Product_12,Sports,East,3,126.06,378.18
ORD00556,24/01/2024,Product_21,Home,Central,4,434.63,1738.52
ORD00557,07/04/2024,Product_8,Beauty,East,7,144.74,1013.18
ORD00558,01/02/2024,Product_14,Clothing,South,5,94.71,473.55
ORD00559,20/11/2024,Product_3,Clothing,North,6,396.84,2381.04
ORD00560,25/02/2024,Product_21,Beauty,West,9,183.88,1654.92
ORD00561,20/10/2024,Product_7,Beauty,East,2,73.19,146.38
ORD00562,21/08/2024,Product_32,Sports,Central,10,391.79,3917.9
ORD00563,23/02/2024,Product_14,Sports,East,5,450.46,2252.3
ORD00564,05/11/2024,Product_22,Beauty,West,7,124.91,874.37
ORD00565,29/01/2024,Product_39,Clothing,North,4,311.48,1245.92
ORD00566,09/08/2024,Product_19,Sports,South,8,52.03,416.24
ORD00567,24/04/2024,Product_35,Sports,North,7,403.48,2824.36
ORD00568,20/09/2024,Product_36,Clothing,South,7,349.97,2449.79
ORD00569,30/11/2024,Product_3,Electronics,Central,4,280.19,1120.76
ORD00570,24/01/2024,Product_31,Clothing,South,3,25.92,77.76
ORD00571,10/12/2024,Product_25,Electronics,North,2,187.96,375.92
ORD00572,19/09/2024,Product_1,Home,West,3,375.66,1126.98
ORD00573,26/06/2024,Product_32,Home,North,6,52.3,313.8
ORD00574,10/09/2024,Product_27,Sports,Central,4,100.77,403.08
ORD00575,16/06/2024,Product_5,Clothing,Central,1,373.14,373.14
ORD00576,15/07/2024,Product_31,Clothing,Central,3,229.88,689.64
ORD00577,18/07/2024,Product_36,Electronics,East,1,317.29,317.29
ORD00578,30/08/2024,Product_19,Beauty,West,9,100.47,904.23
ORD00579,17/06/2024,Product_8,Beauty,South,2,100.5,201
ORD00580,10/08/2024,Product_27,Sports,Central,9,417.02,3753.18
ORD00581,10/03/2024,Product_7,Home,North,3,290.58,871.74
ORD00582,21/03/2024,Product_34,Sports,North,1,293.1,293.1
ORD00583,26/08/2024,Product_32,Beauty,East,6,147.34,884.04
ORD00584,12/08/2024,Product_19,Clothing,North,10,291.82,2918.2
ORD00585,29/07/2024,Product_27,Clothing,South,2,171.81,343.62
ORD00586,09/11/2024,Product_37,Beauty,North,6,390.58,2343.48
ORD00587,23/10/2024,Product_8,Clothing,South,10,170.27,1702.7
ORD00588,27/06/2024,Product_28,Beauty,South,9,228.22,2053.98
ORD00589,01/07/2024,Product_18,Home,North,6,214.61,1287.66
ORD00590,14/08/2024,Product_4,Sports,North,4,126.89,507.56
ORD00591,11/11/2024,Product_40,Electronics,East,9,415.75,3741.75
ORD00592,22/05/2024,Product_38,Home,East,3,375.66,1126.98
ORD00593,19/11/2024,Product_25,Home,Central,8,217.02,1736.16
ORD00594,26/07/2024,Product_17,Sports,Central,1,299.32,299.32
ORD00595,10/09/2024,Product_19,Clothing,Central,10,23.71,237.1
ORD00596,20/06/2024,Product_33,Sports,North,1,157.89,157.89
ORD00597,15/02/2024,Product_10,Home,Central,6,222.25,1333.5
ORD00598,29/06/2024,Product_15,Sports,East,6,107.95,647.7
ORD00599,09/03/2024,Product_15,Beauty,West,4,274.86,1099.44
ORD00600,19/04/2024,Product_15,Clothing,West,1,246.81,246.81
ORD00601,13/03/2024,Product_27,Beauty,South,7,238,1666
ORD00602,11/10/2024,Product_20,Electronics,East,8,290.33,2322.64
ORD00603,01/04/2024,Product_22,Clothing,South,8,339.39,2715.12
ORD00604,15/11/2024,Product_32,Beauty,West,9,119.68,1077.12
ORD00605,02/10/2024,Product_18,Home,North,8,245.46,1963.68
ORD00606,11/11/2024,Product_35,Clothing,Central,5,276.67,1383.35
ORD00607,21/01/2024,Product_34,Clothing,West,2,385.78,771.56
ORD00608,25/01/2024,Product_4,Clothing,Central,3,191.05,573.15
ORD00609,14/02/2024,Product_31,Sports,West,10,443.9,4439
ORD00610,04/01/2024,Product_32,Home,West,6,496.1,2976.6
ORD00611,07/09/2024,Product_34,Clothing,West,6,376.54,2259.24
ORD00612,03/08/2024,Product_6,Home,Central,6,320.37,1922.22
ORD00613,30/09/2024,Product_1,Beauty,South,10,489.73,4897.3
ORD00614,28/04/2024,Product_28,Beauty,South,8,228.73,1829.84
ORD00615,11/03/2024,Product_14,Sports,West,3,119.44,358.32
ORD00616,04/09/2024,Product_26,Sports,North,2,164.93,329.86
ORD00617,10/07/2024,Product_5,Clothing,East,10,95.31,953.1
ORD00618,11/12/2024,Product_7,Clothing,West,4,421.2,1684.8
ORD00619,18/11/2024,Product_16,Clothing,Central,5,382.79,1913.95
ORD00620,05/08/2024,Product_39,Electronics,East,4,291.27,1165.08
ORD00621,18/01/2024,Product_4,Clothing,South,1,23.19,23.19
ORD00622,13/08/2024,Product_19,Sports,West,5,119.57,597.85
ORD00623,03/08/2024,Product_35,Sports,Central,4,59.64,238.56
ORD00624,10/02/2024,Product_6,Sports,East,6,450.17,2701.02
ORD00625,20/04/2024,Product_32,Clothing,South,5,416.05,2080.25
ORD00626,12/07/2024,Product_4,Sports,West,3,377.79,1133.37
ORD00627,07/03/2024,Product_3,Beauty,South,7,138.91,972.37
ORD00628,18/10/2024,Product_7,Sports,East,9,138.45,1246.05
ORD00629,23/08/2024,Product_21,Home,East,4,242.38,969.52
ORD00630,24/07/2024,Product_30,Sports,South,2,45.27,90.54
ORD00631,27/07/2024,Product_12,Clothing,East,10,360.34,3603.4
ORD00632,23/05/2024,Product_18,Electronics,Central,2,497.62,995.24
ORD00633,11/08/2024,Product_6,Electronics,North,4,196.78,787.12
ORD00634,25/09/2024,Product_17,Home,East,3,99.46,298.38
ORD00635,07/06/2024,Product_1,Electronics,Central,5,118.47,592.35
ORD00636,24/05/2024,Product_19,Electronics,Central,8,410.22,3281.76
ORD00637,24/04/2024,Product_32,Clothing,North,10,417.95,4179.5
ORD00638,13/10/2024,Product_24,Sports,South,6,27,162
ORD00639,01/04/2024,Product_29,Beauty,West,5,309.97,1549.85
ORD00640,23/02/2024,Product_13,Home,South,8,397.71,3181.68
ORD00641,20/08/2024,Product_2,Electronics,North,8,128.23,1025.84
ORD00642,02/11/2024,Product_12,Electronics,North,8,168.39,1347.12
ORD00643,08/05/2024,Product_7,Beauty,East,8,52.52,420.16
ORD00644,08/06/2024,Product_2,Sports,West,6,371.28,2227.68
ORD00645,03/08/2024,Product_14,Electronics,North,6,160.14,960.84
ORD00646,27/10/2024,Product_36,Beauty,South,10,200.44,2004.4
ORD00647,19/03/2024,Product_7,Electronics,Central,1,167.57,167.57
ORD00648,13/07/2024,Product_34,Beauty,West,1,436.87,436.87
ORD00649,29/04/2024,Product_10,Sports,East,4,310.06,1240.24
ORD00650,05/02/2024,Product_9,Sports,West,1,14.25,14.25
ORD00651,22/02/2024,Product_22,Beauty,East,5,313.44,1567.2
ORD00652,19/08/2024,Product_35,Sports,West,4,246.01,984.04
ORD00653,20/05/2024,Product_22,Beauty,South,7,472.39,3306.73
ORD00654,22/11/2024,Product_14,Electronics,South,4,163.21,652.84
ORD00655,13/11/2024,Product_39,Electronics,East,10,158.14,1581.4
ORD00656,15/11/2024,Product_5,Clothing,North,10,200.82,2008.2
ORD00657,17/08/2024,Product_35,Electronics,West,8,430.48,3443.84
ORD00658,27/06/2024,Product_11,Home,Central,3,413.36,1240.08
ORD00659,13/12/2024,Product_36,Home,East,4,199.33,797.32
ORD00660,18/07/2024,Product_18,Clothing,South,1,357.32,357.32
ORD00661,14/06/2024,Product_38,Electronics,West,9,486.03,4374.27
ORD00662,07/03/2024,Product_37,Home,South,3,307.42,922.26
ORD00663,01/10/2024,Product_31,Home,South,8,160.01,1280.08
ORD00664,20/06/2024,Product_40,Sports,Central,1,414.87,414.87
ORD00665,01/06/2024,Product_31,Beauty,North,7,146.7,1026.9
ORD00666,18/09/2024,Product_5,Clothing,North,6,34.44,206.64
ORD00667,16/05/2024,Product_11,Clothing,South,5,54.42,272.1
ORD00668,31/10/2024,Product_34,Sports,Central,6,387.74,2326.44
ORD00669,15/02/2024,Product_27,Home,Central,5,112.81,564.05
ORD00670,08/11/2024,Product_34,Clothing,South,10,445.69,4456.9
ORD00671,03/10/2024,Product_25,Electronics,West,3,205.79,617.37
ORD00672,15/05/2024,Product_9,Clothing,North,4,50.82,203.28
ORD00673,05/12/2024,Product_16,Sports,Central,7,42.7,298.9
ORD00674,26/02/2024,Product_34,Home,East,4,74.62,298.48
ORD00675,09/09/2024,Product_5,Clothing,North,1,149.27,149.27
ORD00676,08/06/2024,Product_39,Home,South,10,494.27,4942.7
ORD00677,25/04/2024,Product_27,Clothing,North,5,45.12,225.6
ORD00678,23/06/2024,Product_27,Home,West,6,462.21,2773.26
ORD00679,07/08/2024,Product_23,Electronics,West,9,413.73,3723.57
ORD00680,25/11/2024,Product_16,Sports,Central,7,164.01,1148.07
ORD00681,10/12/2024,Product_35,Beauty,Central,3,460.41,1381.23
ORD00682,01/04/2024,Product_24,Electronics,North,8,70.29,562.32
ORD00683,03/03/2024,Product_38,Beauty,South,2,17.33,34.66
ORD00684,31/03/2024,Product_35,Sports,South,7,469.78,3288.46
ORD00685,25/12/2024,Product_27,Beauty,East,6,139,834
ORD00686,04/05/2024,Product_29,Electronics,West,4,367.49,1469.96
ORD00687,17/01/2024,Product_2,Sports,North,8,149.2,1193.6
ORD00688,30/03/2024,Product_17,Sports,East,10,306.17,3061.7
ORD00689,21/01/2024,Product_24,Beauty,East,5,373.28,1866.4
ORD00690,22/12/2024,Product_33,Beauty,East,10,473.83,4738.3
ORD00691,28/06/2024,Product_11,Sports,Central,2,219.34,438.68
ORD00692,29/02/2024,Product_8,Home,North,1,403.98,403.98
ORD00693,03/11/2024,Product_4,Electronics,East,1,145.68,145.68
ORD00694,11/05/2024,Product_31,Sports,North,2,454.68,909.36
ORD00695,30/10/2024,Product_6,Sports,South,2,226.74,453.48
ORD00696,26/04/2024,Product_3,Beauty,East,6,145.31,871.86
ORD00697,01/04/2024,Product_4,Beauty,South,7,140.89,986.23
ORD00698,12/08/2024,Product_23,Electronics,North,7,334.07,2338.49
ORD00699,13/09/2024,Product_3,Home,North,10,475.84,4758.4
ORD00700,15/01/2024,Product_17,Home,North,10,26.08,260.8
ORD00701,16/09/2024,Product_33,Home,North,5,473.57,2367.85
ORD00702,15/02/2024,Product_33,Electronics,East,5,426.39,2131.95
ORD00703,28/06/2024,Product_21,Sports,East,5,198.8,994
ORD00704,26/10/2024,Product_19,Home,East,6,112.29,673.74
ORD00705,08/03/2024,Product_28,Electronics,South,3,261.36,784.08
ORD00706,27/06/2024,Product_20,Sports,South,6,482.55,2895.3
ORD00707,16/01/2024,Product_40,Sports,Central,5,106,530
ORD00708,12/06/2024,Product_9,Beauty,West,10,75.25,752.5
ORD00709,10/01/2024,Product_39,Home,South,5,76.68,383.4
ORD00710,15/08/2024,Product_18,Electronics,West,1,350.36,350.36
ORD00711,21/05/2024,Product_28,Beauty,East,10,195.56,1955.6
ORD00712,25/09/2024,Product_20,Sports,West,1,170.05,170.05
ORD00713,09/08/2024,Product_37,Electronics,North,1,52.68,52.68
ORD00714,05/01/2024,Product_30,Home,East,3,299.2,897.6
ORD00715,27/08/2024,Product_11,Beauty,West,7,131.2,918.4
ORD00716,14/04/2024,Product_19,Beauty,North,7,256.35,1794.45
ORD00717,01/11/2024,Product_15,Sports,North,6,410.56,2463.36
ORD00718,19/05/2024,Product_2,Electronics,North,9,31.19,280.71
ORD00719,22/10/2024,Product_11,Home,East,1,439.26,439.26
ORD00720,19/07/2024,Product_38,Home,East,9,386.33,3476.97
ORD00721,05/11/2024,Product_12,Sports,East,7,475.33,3327.31
ORD00722,30/06/2024,Product_13,Electronics,Central,8,114.3,914.4
ORD00723,02/04/2024,Product_36,Electronics,West,5,95.62,478.1
ORD00724,24/01/2024,Product_22,Clothing,West,8,307.79,2462.32
ORD00725,19/01/2024,Product_29,Electronics,East,4,173.2,692.8
ORD00726,09/03/2024,Product_4,Sports,South,4,441.65,1766.6
ORD00727,11/06/2024,Product_6,Beauty,South,10,237.33,2373.3
ORD00728,30/11/2024,Product_6,Beauty,South,6,15.71,94.26
ORD00729,07/09/2024,Product_28,Home,Central,8,400.62,3204.96
ORD00730,25/02/2024,Product_23,Electronics,North,10,19.78,197.8
ORD00731,15/07/2024,Product_13,Sports,South,6,261.4,1568.4
ORD00732,23/06/2024,Product_32,Sports,East,4,473.02,1892.08
ORD00733,28/01/2024,Product_15,Clothing,South,6,284.02,1704.12
ORD00734,18/05/2024,Product_16,Sports,South,2,31.67,63.34
ORD00735,13/03/2024,Product_20,Clothing,Central,9,404.81,3643.29
ORD00736,05/03/2024,Product_26,Home,West,6,219.97,1319.82
ORD00737,18/11/2024,Product_22,Home,North,6,388.63,2331.78
ORD00738,09/08/2024,Product_11,Sports,South,7,177.85,1244.95
ORD00739,29/11/2024,Product_30,Electronics,South,7,453.51,3174.57
ORD00740,19/08/2024,Product_17,Clothing,Central,5,499.23,2496.15
ORD00741,29/03/2024,Product_24,Electronics,East,5,468.95,2344.75
ORD00742,08/07/2024,Product_25,Clothing,East,3,53.69,161.07
ORD00743,20/02/2024,Product_15,Beauty,East,10,467.1,4671
ORD00744,11/05/2024,Product_20,Clothing,South,8,237.13,1897.04
ORD00745,05/11/2024,Product_22,Home,Central,8,46.37,370.96
ORD00746,05/09/2024,Product_5,Home,Central,7,467.43,3272.01
ORD00747,09/05/2024,Product_33,Clothing,West,7,60.63,424.41
ORD00748,21/04/2024,Product_38,Sports,West,9,219.51,1975.59
ORD00749,02/07/2024,Product_5,Sports,South,4,259.69,1038.76
ORD00750,19/01/2024,Product_2,Sports,West,2,176.12,352.24
ORD00751,03/08/2024,Product_29,Beauty,Central,4,350.95,1403.8
ORD00752,14/01/2024,Product_11,Electronics,South,9,296.57,2669.13
ORD00753,10/12/2024,Product_18,Home,West,5,205.53,1027.65
ORD00754,26/10/2024,Product_3,Sports,East,4,46.2,184.8
ORD00755,30/06/2024,Product_38,Home,West,4,48.06,192.24
ORD00756,25/02/2024,Product_11,Sports,South,7,349.97,2449.79
ORD00757,11/06/2024,Product_11,Electronics,East,8,423.13,3385.04
ORD00758,31/12/2024,Product_24,Home,South,4,167.48,669.92
ORD00759,09/11/2024,Product_39,Sports,West,3,113.76,341.28
ORD00760,03/01/2024,Product_5,Electronics,North,8,32.01,256.08
ORD00761,14/11/2024,Product_24,Clothing,East,6,262.76,1576.56
ORD00762,07/03/2024,Product_5,Sports,East,9,288.88,2599.92
ORD00763,30/09/2024,Product_32,Beauty,South,9,352.82,3175.38
ORD00764,05/10/2024,Product_10,Clothing,North,2,130.2,260.4
ORD00765,05/03/2024,Product_3,Beauty,Central,10,100.27,1002.7
ORD00766,18/05/2024,Product_5,Clothing,South,8,178.9,1431.2
ORD00767,31/07/2024,Product_12,Electronics,North,7,175.74,1230.18
ORD00768,12/08/2024,Product_19,Clothing,North,8,288.63,2309.04
ORD00769,03/01/2024,Product_7,Clothing,West,7,408.24,2857.68
ORD00770,27/02/2024,Product_33,Sports,East,7,365.05,2555.35
ORD00771,21/04/2024,Product_11,Clothing,South,10,275.87,2758.7
ORD00772,11/10/2024,Product_13,Sports,North,6,245.9,1475.4
ORD00773,11/05/2024,Product_8,Home,South,6,420.55,2523.3
ORD00774,10/04/2024,Product_5,Sports,East,4,30.22,120.88
ORD00775,12/02/2024,Product_21,Beauty,East,1,475.74,475.74
ORD00776,16/01/2024,Product_26,Sports,West,1,164.25,164.25
ORD00777,22/08/2024,Product_27,Beauty,West,3,347.44,1042.32
ORD00778,27/01/2024,Product_18,Electronics,West,6,470.13,2820.78
ORD00779,10/07/2024,Product_28,Beauty,South,9,446.01,4014.09
ORD00780,14/08/2024,Product_3,Sports,South,10,198.08,1980.8
ORD00781,02/12/2024,Product_36,Clothing,West,6,213.08,1278.48
ORD00782,12/08/2024,Product_15,Electronics,East,4,178.68,714.72
ORD00783,10/09/2024,Product_21,Clothing,North,10,78.26,782.6
ORD00784,30/10/2024,Product_14,Clothing,East,2,393.58,787.16
ORD00785,03/04/2024,Product_28,Home,West,4,237.58,950.32
ORD00786,10/08/2024,Product_36,Clothing,Central,4,172.22,688.88
ORD00787,31/01/2024,Product_36,Sports,North,3,84.16,252.48
ORD00788,03/11/2024,Product_28,Home,East,10,163.78,1637.8
ORD00789,30/06/2024,Product_30,Beauty,West,1,459.43,459.43
ORD00790,20/04/2024,Product_34,Electronics,South,5,394.92,1974.6
ORD00791,03/01/2024,Product_20,Sports,North,10,173.83,1738.3
ORD00792,03/05/2024,Product_32,Electronics,North,1,78.61,78.61
ORD00793,16/09/2024,Product_15,Sports,Central,10,151.37,1513.7
ORD00794,07/05/2024,Product_7,Home,North,5,325.68,1628.4
ORD00795,15/02/2024,Product_35,Beauty,Central,4,35.41,141.64
ORD00796,04/03/2024,Product_17,Sports,South,9,167.85,1510.65
ORD00797,20/09/2024,Product_20,Home,North,10,175.27,1752.7
ORD00798,29/06/2024,Product_4,Beauty,East,4,366.83,1467.32
ORD00799,22/04/2024,Product_17,Electronics,South,5,445.01,2225.05
ORD00800,24/09/2024,Product_38,Sports,Central,5,293.76,1468.8
ORD00801,18/05/2024,Product_15,Beauty,Central,5,192.17,960.85
ORD00802,01/08/2024,Product_39,Beauty,Central,4,233.53,934.12
ORD00803,19/02/2024,Product_36,Sports,West,7,167.11,1169.77
ORD00804,23/01/2024,Product_38,Sports,South,1,434.1,434.1
ORD00805,11/07/2024,Product_37,Home,East,9,205.48,1849.32
ORD00806,28/03/2024,Product_18,Beauty,North,4,234.71,938.84
ORD00807,02/09/2024,Product_31,Clothing,North,3,442.8,1328.4
ORD00808,08/09/2024,Product_25,Clothing,South,1,255.22,255.22
ORD00809,03/02/2024,Product_11,Home,East,4,438.32,1753.28
ORD00810,05/03/2024,Product_12,Sports,North,4,356.67,1426.68
ORD00811,03/08/2024,Product_39,Clothing,North,5,227.53,1137.65
ORD00812,16/10/2024,Product_38,Beauty,South,9,128.51,1156.59
ORD00813,10/07/2024,Product_27,Home,Central,5,391.15,1955.75
ORD00814,05/10/2024,Product_17,Beauty,South,4,264.45,1057.8
ORD00815,10/01/2024,Product_25,Home,East,7,125.85,880.95
ORD00816,29/02/2024,Product_29,Electronics,West,7,353.02,2471.14
ORD00817,02/07/2024,Product_40,Beauty,West,4,239.99,959.96
ORD00818,22/03/2024,Product_12,Clothing,South,4,365.75,1463
ORD00819,10/05/2024,Product_17,Home,East,1,45.18,45.18
ORD00820,28/03/2024,Product_18,Sports,South,3,42.23,126.69
ORD00821,13/09/2024,Product_12,Electronics,North,9,307.79,2770.11
ORD00822,12/03/2024,Product_23,Beauty,West,2,116.59,233.18
ORD00823,30/05/2024,Product_11,Sports,North,5,313,1565
ORD00824,07/08/2024,Product_6,Electronics,South,8,194.14,1553.12
ORD00825,02/11/2024,Product_9,Electronics,Central,9,19.04,171.36
ORD00826,14/04/2024,Product_28,Electronics,West,4,214.99,859.96
ORD00827,29/07/2024,Product_7,Beauty,South,5,282.25,1411.25
ORD00828,27/04/2024,Product_10,Beauty,East,3,282.56,847.68
ORD00829,27/06/2024,Product_10,Sports,West,7,29.13,203.91
ORD00830,04/06/2024,Product_40,Sports,Central,4,20.46,81.84
ORD00831,11/10/2024,Product_30,Sports,Central,2,355.09,710.18
ORD00832,20/10/2024,Product_26,Home,North,5,276.55,1382.75
ORD00833,02/04/2024,Product_1,Clothing,West,10,365.02,3650.2
ORD00834,24/02/2024,Product_11,Home,North,6,419.68,2518.08
ORD00835,23/08/2024,Product_3,Home,North,3,339.47,1018.41
ORD00836,07/01/2024,Product_39,Sports,East,7,114.18,799.26
ORD00837,13/08/2024,Product_4,Sports,Central,8,128.93,1031.44
ORD00838,28/11/2024,Product_31,Electronics,South,7,14.83,103.81
ORD00839,20/08/2024,Product_39,Home,West,9,49.74,447.66
ORD00840,06/08/2024,Product_12,Clothing,Central,3,80.85,242.55
ORD00841,19/06/2024,Product_19,Clothing,East,9,337.42,3036.78
ORD00842,24/06/2024,Product_15,Sports,East,5,482.44,2412.2
ORD00843,29/04/2024,Product_26,Home,North,9,395.19,3556.71
ORD00844,19/07/2024,Product_20,Electronics,East,2,91.65,183.3
ORD00845,01/12/2024,Product_16,Sports,West,5,363.3,1816.5
ORD00846,04/06/2024,Product_8,Sports,East,5,465.38,2326.9
ORD00847,14/05/2024,Product_30,Sports,South,4,145.97,583.88
ORD00848,07/11/2024,Product_3,Sports,East,1,356.15,356.15
ORD00849,09/11/2024,Product_1,Clothing,North,2,341.35,682.7
ORD00850,30/09/2024,Product_34,Electronics,East,2,479.93,959.86
ORD00851,14/01/2024,Product_22,Electronics,South,9,210.07,1890.63
ORD00852,20/05/2024,Product_14,Beauty,South,1,177.35,177.35
ORD00853,21/09/2024,Product_3,Clothing,South,5,188.87,944.35
ORD00854,28/02/2024,Product_9,Electronics,Central,1,461.84,461.84
ORD00855,17/03/2024,Product_22,Sports,South,3,54.82,164.46
ORD00856,29/05/2024,Product_27,Sports,East,7,439.98,3079.86
ORD00857,31/07/2024,Product_7,Home,South,10,253.32,2533.2
ORD00858,25/10/2024,Product_24,Sports,South,4,381.62,1526.48
ORD00859,12/09/2024,Product_1,Clothing,East,1,439.03,439.03
ORD00860,14/12/2024,Product_26,Beauty,North,1,61.92,61.92
ORD00861,18/10/2024,Product_16,Beauty,Central,6,314.09,1884.54
ORD00862,12/06/2024,Product_36,Electronics,East,9,359.86,3238.74
ORD00863,11/03/2024,Product_14,Home,Central,5,414.99,2074.95
ORD00864,03/04/2024,Product_32,Home,East,7,443.6,3105.2
ORD00865,22/04/2024,Product_8,Sports,West,4,161.3,645.2
ORD00866,13/03/2024,Product_26,Clothing,South,9,429,3861
ORD00867,15/10/2024,Product_33,Electronics,Central,3,370.84,1112.52
ORD00868,07/06/2024,Product_25,Clothing,North,6,373.78,2242.68
ORD00869,07/11/2024,Product_13,Electronics,East,10,187.69,1876.9
ORD00870,16/11/2024,Product_8,Sports,East,9,126.43,1137.87
ORD00871,27/10/2024,Product_33,Sports,Central,3,75.89,227.67
ORD00872,16/07/2024,Product_22,Sports,South,2,20.81,41.62
ORD00873,08/07/2024,Product_30,Clothing,South,8,360.2,2881.6
ORD00874,05/02/2024,Product_17,Home,East,6,480.24,2881.44
ORD00875,23/05/2024,Product_24,Clothing,North,4,272.73,1090.92
ORD00876,12/08/2024,Product_14,Sports,South,10,142.02,1420.2
ORD00877,25/08/2024,Product_29,Electronics,East,8,293.52,2348.16
ORD00878,20/03/2024,Product_8,Home,South,8,26.01,208.08
ORD00879,15/08/2024,Product_38,Home,South,6,123.25,739.5
ORD00880,08/11/2024,Product_9,Sports,Central,1,305.42,305.42
ORD00881,07/03/2024,Product_2,Clothing,South,10,490.29,4902.9
ORD00882,13/02/2024,Product_17,Electronics,North,9,213.8,1924.2
ORD00883,21/05/2024,Product_15,Sports,South,6,48.28,289.68
ORD00884,19/04/2024,Product_22,Clothing,West,7,375.18,2626.26
ORD00885,21/12/2024,Product_36,Clothing,East,10,374.7,3747
ORD00886,23/12/2024,Product_13,Sports,East,2,199.61,399.22
ORD00887,24/03/2024,Product_38,Sports,North,4,37.63,150.52
ORD00888,26/10/2024,Product_4,Electronics,South,1,296.11,296.11
ORD00889,20/01/2024,Product_35,Sports,Central,1,378.67,378.67
ORD00890,26/05/2024,Product_32,Sports,North,8,22.19,177.52
ORD00891,12/12/2024,Product_7,Beauty,West,8,184.59,1476.72
ORD00892,12/04/2024,Product_3,Clothing,North,3,58.12,174.36
ORD00893,25/05/2024,Product_23,Electronics,West,1,229.99,229.99
ORD00894,29/04/2024,Product_31,Clothing,West,8,87.4,699.2
ORD00895,26/07/2024,Product_20,Sports,South,9,198.23,1784.07
ORD00896,10/08/2024,Product_27,Beauty,East,9,397.03,3573.27
ORD00897,21/10/2024,Product_30,Beauty,South,8,288.33,2306.64
ORD00898,18/08/2024,Product_34,Home,North,6,138.57,831.42
ORD00899,19/04/2024,Product_6,Electronics,East,4,345.53,1382.12
ORD00900,11/01/2024,Product_14,Home,North,1,142.57,142.57
ORD00901,25/08/2024,Product_33,Electronics,South,7,89.43,626.01
ORD00902,25/05/2024,Product_11,Electronics,South,6,140.59,843.54
ORD00903,16/03/2024,Product_21,Clothing,Central,3,136.33,408.99
ORD00904,28/03/2024,Product_28,Home,Central,9,181.39,1632.51
ORD00905,26/11/2024,Product_13,Electronics,West,7,76.56,535.92
ORD00906,29/02/2024,Product_34,Home,Central,3,393.45,1180.35
ORD00907,15/04/2024,Product_7,Home,North,4,472.41,1889.64
ORD00908,17/06/2024,Product_31,Home,South,1,233.07,233.07
ORD00909,22/02/2024,Product_35,Electronics,South,6,167.81,1006.86
ORD00910,02/03/2024,Product_36,Electronics,North,1,174.57,174.57
ORD00911,20/08/2024,Product_7,Sports,South,8,236.02,1888.16
ORD00912,18/04/2024,Product_27,Sports,South,9,56.13,505.17
ORD00913,18/05/2024,Product_27,Sports,East,1,345.16,345.16
ORD00914,20/03/2024,Product_3,Clothing,North,4,447.32,1789.28
ORD00915,06/02/2024,Product_17,Home,South,6,340.85,2045.1
ORD00916,28/07/2024,Product_16,Clothing,East,3,35.1,105.3
ORD00917,06/04/2024,Product_15,Sports,Central,1,178.83,178.83
ORD00918,15/12/2024,Product_12,Sports,Central,3,253.15,759.45
ORD00919,29/09/2024,Product_39,Sports,North,2,267.83,535.66
ORD00920,10/01/2024,Product_7,Home,South,3,398.68,1196.04
ORD00921,06/07/2024,Product_7,Sports,East,2,460.51,921.02
ORD00922,03/11/2024,Product_23,Home,North,9,77.78,700.02
ORD00923,26/08/2024,Product_5,Beauty,East,9,342.67,3084.03
ORD00924,19/03/2024,Product_36,Home,North,5,194.46,972.3
ORD00925,02/09/2024,Product_25,Clothing,South,3,168.37,505.11
ORD00926,29/10/2024,Product_22,Electronics,Central,2,351.98,703.96
ORD00927,25/11/2024,Product_18,Clothing,West,5,19.54,97.7
ORD00928,04/01/2024,Product_25,Sports,South,9,455.23,4097.07
ORD00929,25/05/2024,Product_37,Electronics,Central,4,386.79,1547.16
ORD00930,03/06/2024,Product_1,Home,South,10,123.72,1237.2
ORD00931,10/02/2024,Product_32,Sports,Central,6,341.34,2048.04
ORD00932,22/04/2024,Product_10,Sports,Central,7,329.27,2304.89
ORD00933,31/08/2024,Product_25,Sports,Central,3,445.9,1337.7
ORD00934,02/09/2024,Product_32,Sports,East,9,168.53,1516.77
ORD00935,22/08/2024,Product_3,Clothing,West,7,445.04,3115.28
ORD00936,07/02/2024,Product_35,Home,South,4,147.52,590.08
ORD00937,06/05/2024,Product_27,Clothing,East,6,313.51,1881.06
ORD00938,04/11/2024,Product_6,Home,West,3,47.79,143.37
ORD00939,18/10/2024,Product_8,Sports,East,1,31.26,31.26
ORD00940,31/05/2024,Product_32,Electronics,South,4,237.98,951.92
ORD00941,18/11/2024,Product_22,Beauty,North,7,421.66,2951.62
ORD00942,24/03/2024,Product_19,Home,West,6,209.92,1259.52
ORD00943,22/11/2024,Product_20,Beauty,North,6,146.09,876.54
ORD00944,06/04/2024,Product_17,Beauty,North,2,30.43,60.86
ORD00945,06/11/2024,Product_33,Clothing,East,1,441.61,441.61
ORD00946,23/08/2024,Product_28,Beauty,East,9,490.67,4416.03
ORD00947,23/10/2024,Product_20,Beauty,West,4,315.52,1262.08
ORD00948,18/10/2024,Product_36,Clothing,South,4,255.92,1023.68
ORD00949,06/06/2024,Product_37,Sports,West,5,373.49,1867.45
ORD00950,13/10/2024,Product_18,Electronics,East,10,235.34,2353.4
ORD00951,14/08/2024,Product_35,Beauty,Central,4,243.92,975.68
ORD00952,23/08/2024,Product_16,Beauty,West,1,215.12,215.12
ORD00953,10/04/2024,Product_17,Clothing,North,4,50.86,203.44
ORD00954,27/12/2024,Product_25,Sports,North,4,150.71,602.84
ORD00955,19/03/2024,Product_27,Clothing,South,6,485.43,2912.58
ORD00956,24/07/2024,Product_14,Electronics,Central,10,351.9,3519
ORD00957,09/11/2024,Product_14,Beauty,Central,7,102.9,720.3
ORD00958,02/03/2024,Product_23,Home,North,8,11.19,89.52
ORD00959,05/08/2024,Product_24,Clothing,East,10,110.93,1109.3
ORD00960,22/09/2024,Product_1,Sports,South,4,18.79,75.16
ORD00961,02/05/2024,Product_12,Clothing,Central,2,321.57,643.14
ORD00962,22/07/2024,Product_11,Electronics,South,4,327.54,1310.16
ORD00963,09/01/2024,Product_35,Clothing,South,1,478.02,478.02
ORD00964,07/09/2024,Product_35,Beauty,West,1,369.76,369.76
ORD00965,01/03/2024,Product_28,Clothing,West,4,297.86,1191.44
ORD00966,13/07/2024,Product_40,Beauty,West,4,216.89,867.56
ORD00967,29/08/2024,Product_35,Beauty,West,6,70.02,420.12
ORD00968,25/12/2024,Product_32,Sports,Central,6,313.03,1878.18
ORD00969,22/01/2024,Product_21,Sports,South,4,458.77,1835.08
ORD00970,12/11/2024,Product_7,Electronics,East,3,437,1311
ORD00971,12/07/2024,Product_36,Home,Central,6,366.19,2197.14
ORD00972,14/01/2024,Product_9,Clothing,Central,2,182.43,364.86
ORD00973,03/08/2024,Product_39,Beauty,West,6,426.5,2559
ORD00974,13/08/2024,Product_7,Electronics,North,3,13.55,40.65
ORD00975,15/02/2024,Product_30,Home,South,10,155.2,1552
ORD00976,05/12/2024,Product_39,Beauty,South,9,405.68,3651.12
ORD00977,24/05/2024,Product_33,Beauty,South,3,477.07,1431.21
ORD00978,16/06/2024,Product_19,Clothing,North,4,150.81,603.24
ORD00979,03/04/2024,Product_16,Electronics,West,2,404.58,809.16
ORD00980,09/06/2024,Product_29,Beauty,North,2,468.92,937.84
ORD00981,31/05/2024,Product_27,Sports,Central,3,419.17,1257.51
ORD00982,04/11/2024,Product_13,Beauty,East,4,318.88,1275.52
ORD00983,19/03/2024,Product_24,Sports,West,2,122.76,245.52
ORD00984,05/02/2024,Product_13,Sports,North,10,50.6,506
ORD00985,18/08/2024,Product_32,Clothing,Central,7,329.83,2308.81
ORD00986,03/06/2024,Product_13,Home,South,1,260.88,260.88
ORD00987,09/04/2024,Product_10,Electronics,West,6,204.83,1228.98
ORD00988,23/06/2024,Product_20,Home,North,2,253.53,507.06
ORD00989,23/09/2024,Product_14,Electronics,East,9,135.32,1217.88
ORD00990,16/01/2024,Product_16,Clothing,Central,3,280.44,841.32
ORD00991,16/01/2024,Product_13,Beauty,East,6,16.91,101.46
ORD00992,08/02/2024,Product_2,Home,East,7,419.08,2933.56
ORD00993,14/06/2024,Product_11,Home,East,9,69.91,629.19
ORD00994,11/10/2024,Product_36,Sports,West,5,165.67,828.35
ORD00995,06/12/2024,Product_29,Home,Central,8,462.37,3698.96
ORD00996,01/04/2024,Product_25,Beauty,South,3,292.19,876.57
ORD00997,14/12/2024,Product_12,Electronics,South,4,34.57,138.28
ORD00998,18/06/2024,Product_5,Clothing,East,7,395.46,2768.22
ORD00999,26/01/2024,Product_38,Electronics,Central,1,409.52,409.52
ORD01000,31/08/2024,Product_33,Sports,East,10,82.3,823
